Networking Skills Workshop,"Making new contacts is essential to the success of any business and regular networking is one of the best ways to promote your business. At this free, interactive workshop you will learn some simple techniques which will build your confidence and help you get the most out of networking  
",2010-05-24 00:00:00 +0100,"Reigate Town Hall, Castlefield Road, Reigate, Surrey, RH2 0SH",Business Link,http://online.businesslink.gov.uk/bdotg/action/eventDescription?site=210&r.lc=en&type=EVENTS&itemId=5001526755,Business Link
Paying Your Employees,"This workshop is based on the Employer CD-Rom and explains how to calculate tax and National Insurance.  It also covers how to use P45/P46 forms for new employees and leavers, how to register for online services and where to get help when needed.",2010-05-25 00:00:00 +0100,"London Road, Twickenham",Business Link,http://www.hmrc.gov.uk/bst/advice-teams-area/london.htm,Business Link
Becoming an Employer - What You Need to Know,"This workshop is based on the Employer CD-Rom and explains how to calculate tax and National Insurance.  It also covers how to use P45/P46 forms for new employees and leavers, how to register for online services and where to get help when needed.",2010-05-25 00:00:00 +0100,"Barrington Road, Worthing",Business Link,http://www.hmrc.gov.uk/bst/advice-teams-area/south.htm,Business Link
Becoming an Employer - What You Need to Know,"This workshop is based on the Employer CD-Rom and explains how to calculate tax and National Insurance.  It also covers how to use P45/P46 forms for new employees and leavers, how to register for online services and where to get help when needed.",2010-05-25 00:00:00 +0100,"Waterhouse Street, Hemel Hempstead",Business Link,http://www.hmrc.gov.uk/bst/advice-teams-area/central.htm,Business Link
Business Operations for Start-Ups,"This workshop provides key information on the operations of a business including the resources required, systems and procedures, production, health and safety and quality.

This workshop also provides guidance on other areas such as the advantages and disadvantages of working from home and environmental issues.",2010-05-26 00:00:00 +0100,"84 Marsh Road, Rhyl, Denbighshire",Business Link,http://ms.fs4b.wales.gov.uk/business_events_wales/events/w-1/W3_-_EVT7823_-_DEA_-_260510.aspx,Business Link
Becoming an Employer - What You Need to Know,"This workshop is based on the Employer CD-Rom and explains how to calculate tax and National Insurance.  It also covers how to use P45/P46 forms for new employees and leavers, how to register for online services and where to get help when needed.",2010-05-27 00:00:00 +0100,"Castle Street, High Wycombe",Business Link,http://www.hmrc.gov.uk/bst/advice-teams-area/south.htm,Business Link
Financial Planning for Start-Ups,"This workshop will take you through the process of preparing and analysing financial statements and provides information on how to prepare cash flow forecasts, profit & loss accounts and balance sheets.

The workshop demonstrates how using and understanding these tools can help you to control your business finances.",2010-05-27 00:00:00 +0100,"84 Marsh Road, Rhyl, Denbighshire",Business Link,http://ms.fs4b.wales.gov.uk/business_events_wales/events/w-1/W5_-_EVT7825_-_DEA_-_270510.aspx,Business Link
Financial Planning for Start-Ups,"This workshop will take you through the process of preparing and analysing financial statements and provides information on how to prepare cash flow forecasts, profit & loss accounts and balance sheets.

The workshop demonstrates how using and understanding these tools can help you to control your business finances.",2010-05-28 00:00:00 +0100,"127 Bute Street, Cardiff",Business Link,http://ms.fs4b.wales.gov.uk/business_events_wales/events/w-1/W5_-_EVT7330_-_BIF_-_280510.aspx,Business Link
Procurement Trainaing Workshop - London 2012 Olympic & Paralympic Games  ,"Ensure you are ready to compete for London 2012 and other public sector opportunities. 

There are thousands of opportunities for SMEs to win business from the public sector. There are, however, a number of procedures and processes that you must understand to ensure that you maximise these opportunities. 
",2010-05-25 00:00:00 +0100,"Royal National College for the Blind, College Road, Hereford.",Business Link,http://www.procurementworkshops.co.uk/,Business Link
Introductory - Accessing Public Sector Tenders,"This interactive workshop on tender writing is run by CEis and partners. It's aimed at managers and staff, providing introductory, intermediate and advanced levels. With contributions from experts in successful tender writing, the worskhops will offer practical guidance for organisations wishing to compete for public sector contracts.",2010-05-26 00:00:00 +0100,"14 St Enoch Square, GLASGOW, G1 4DB",Business Link,http://www.ceis.org.uk/supporting-enterprise.html#Enterprise-Programmes,Business Link
Becoming an Employer - What You Need to Know,"This workshop is based on the Employer CD-Rom and explains how to calculate tax and National Insurance.  It also covers how to use P45/P46 forms for new employees and leavers, how to register for online services and where to get help when needed.",2010-06-02 00:00:00 +0100,"Southgate Street, Gloucester",Business Link,http://www.hmrc.gov.uk/bst/advice-teams-area/south.htm,Business Link
Becoming an Employer - What You Need to Know,"This workshop is based on the Employer CD-Rom and explains how to calculate tax and National Insurance.  It also covers how to use P45/P46 forms for new employees and leavers, how to register for online services and where to get help when needed.",2010-06-09 00:00:00 +0100,"John Smith Drive, Oxford Business Park South",Business Link,http://www.hmrc.gov.uk/bst/advice-teams-area/south.htm,Business Link
Becoming an Employer - What You Need to Know,"This workshop is based on the Employer CD-Rom and explains how to calculate tax and National Insurance.  It also covers how to use P45/P46 forms for new employees and leavers, how to register for online services and where to get help when needed.",2010-06-10 00:00:00 +0100,"Silbury Boulevard, Milton Keynes",Business Link,http://www.hmrc.gov.uk/bst/advice-teams-area/south.htm,Business Link
Inward Processing Relief,"This course will cover Inward Processing Relief (IPR) and discuss the procedures, terminology and common errors involved. It will explain where reduced or nil duty and VAT costs may be available to those who are importing into the EU for re-exportation back outside the EU.",2010-06-16 00:00:00 +0100,"Duke Street, Woking",Business Link,http://www.hmrc.gov.uk/bst/advice-teams-area/south.htm,Business Link
Becoming an Employer - What You Need to Know,"This workshop is based on the Employer CD-Rom and explains how to calculate tax and National Insurance.  It also covers how to use P45/P46 forms for new employees and leavers, how to register for online services and where to get help when needed.",2010-06-21 00:00:00 +0100,"Thames Street, Staines",Business Link,http://www.hmrc.gov.uk/bst/advice-teams-area/south.htm,Business Link
Health and Safety Legislation - Half Day,Anyone who has some control over premises must take reasonable steps to reduce the risk from fire and make sure people can safely escape if there is a fire.  Speakers from the Fire Service will explain the requirements of Fire safety legislation and give practical information on how to help comply with this,2010-06-29 00:00:00 +0100,"The Methodist Church, Coventry Central Hall",Business Link,http://www.business-sustain.com/seminars-workshops/index.aspx,Business Link
Paying Someone for the First Time Using the Employer CD-Rom,"This event will explain how to install the CD-ROM, use it to work out an employee's tax and National Insurance deductions, what details you need to include on a wage slip, fill in forms when an employee starts or leaves your employment and work out your payments due to HMRC.",2010-06-01 00:00:00 +0100,"Barrington Road, Worthing",Business Link,http://www.hmrc.gov.uk/bst/advice-teams-area/south.htm,Business Link
Paying Someone for the First Time Using the Employer CD-Rom,"This event will explain how to install the CD-ROM, use it to work out an employee's tax and National Insurance deductions, what details you need to include on a wage slip, fill in forms when an employee starts or leaves your employment and work out your payments due to HMRC.",2010-06-30 00:00:00 +0100,"New North Road, Exeter",Business Link,http://www.hmrc.gov.uk/bst/advice-teams-area/south.htm,Business Link
Business over Breakfast,"Come and network over breakfast with companies from around North Wales. 
During networking you will have the opportunity to speak to Academics and staff from the university to discuss the commercial expertise available at Glynd&#373;r University to help develop your business. To reserve your free place please contact Sam Clutton on 01978 293 183",2010-06-10 00:00:00 +0100,"Deeside Enterprise Centre, Rowleys Drive, Shotton, Queensferry",Business Link,http://www.glyndwr.ac.uk/en/AboutGlyndwrUniversity/Whatson/Eventsforthebusinesscommunity/,Business Link
Prince 2 - Foundation and Practioner ,"This internationally respected course is based on the new Managing Successful Projects with PRINCE2 2009.  The updated course will help those running projects of any size in any environment to effectively deliver what is required appropriately managing the costs, timescales, quality, scope, risks and benefits. To book a place on this event please contact Rebecca Arrowsmith on 02920 416414",2010-06-28 00:00:00 +0100,"UWIC Colchester, Colchester Avenue, Cardiff",Business Link,http://fs4b.wales.gov.uk/bdotg/action/eventDescription?site=230&r.lc=en&type=EVENTS&itemId=5001561667,Business Link
Becoming an Employer - What You Need to Know,"This workshop is based on the Employer CD-Rom and explains how to calculate tax and National Insurance.  It also covers how to use P45/P46 forms for new employees and leavers, how to register for online services and where to get help when needed.",2010-07-01 00:00:00 +0100,"Barrington Road, Worthing",Business Link,http://www.hmrc.gov.uk/bst/advice-teams-area/south.htm,Business Link
Becoming an Employer - What You Need to Know,"This workshop is based on the Employer CD-Rom and explains how to calculate tax and National Insurance.  It also covers how to use P45/P46 forms for new employees and leavers, how to register for online services and where to get help when needed.",2010-07-02 00:00:00 +0100,"Mote Road, Maidstone",Business Link,http://www.hmrc.gov.uk/bst/advice-teams-area/south.htm,Business Link
Becoming an Employer - What You Need to Know,"This workshop is based on the Employer CD-Rom and explains how to calculate tax and National Insurance.  It also covers how to use P45/P46 forms for new employees and leavers, how to register for online services and where to get help when needed.",2010-07-02 00:00:00 +0100,"Duke Street, Woking",Business Link,http://www.hmrc.gov.uk/bst/advice-teams-area/south.htm,Business Link
Becoming an Employer - What You Need to Know,"This workshop is based on the Employer CD-Rom and explains how to calculate tax and National Insurance.  It also covers how to use P45/P46 forms for new employees and leavers, how to register for online services and where to get help when needed.",2010-07-06 00:00:00 +0100,"London Road, Crawley",Business Link,http://www.hmrc.gov.uk/bst/advice-teams-area/south.htm,Business Link
Becoming an Employer - What You Need to Know,"This workshop is based on the Employer CD-Rom and explains how to calculate tax and National Insurance.  It also covers how to use P45/P46 forms for new employees and leavers, how to register for online services and where to get help when needed.",2010-07-12 00:00:00 +0100,"Regent Hill, Brighton",Business Link,http://www.hmrc.gov.uk/bst/advice-teams-area/south.htm,Business Link
Becoming an Employer - What You Need to Know,"This workshop is based on the Employer CD-Rom and explains how to calculate tax and National Insurance.  It also covers how to use P45/P46 forms for new employees and leavers, how to register for online services and where to get help when needed.",2010-07-12 00:00:00 +0100,"Watlington Street, Reading",Business Link,http://www.hmrc.gov.uk/bst/advice-teams-area/south.htm,Business Link
Becoming an Employer - What You Need to Know,"This workshop is based on the Employer CD-Rom and explains how to calculate tax and National Insurance.  It also covers how to use P45/P46 forms for new employees and leavers, how to register for online services and where to get help when needed.",2010-07-15 00:00:00 +0100,"John Smith Drive, Oxford Business Park South",Business Link,http://www.hmrc.gov.uk/bst/advice-teams-area/south.htm,Business Link
Becoming an Employer - What You Need to Know,"This workshop is based on the Employer CD-Rom and explains how to calculate tax and National Insurance.  It also covers how to use P45/P46 forms for new employees and leavers, how to register for online services and where to get help when needed.",2010-07-15 00:00:00 +0100,"Thames Street, Staines",Business Link,http://www.hmrc.gov.uk/bst/advice-teams-area/south.htm,Business Link
Becoming an Employer - What You Need to Know,"This workshop is based on the Employer CD-Rom and explains how to calculate tax and National Insurance.  It also covers how to use P45/P46 forms for new employees and leavers, how to register for online services and where to get help when needed.",2010-07-16 00:00:00 +0100,"East Street, Farnham",Business Link,http://www.hmrc.gov.uk/bst/advice-teams-area/south.htm,Business Link
Becoming an Employer - What You Need to Know,"This workshop is based on the Employer CD-Rom and explains how to calculate tax and National Insurance.  It also covers how to use P45/P46 forms for new employees and leavers, how to register for online services and where to get help when needed.",2010-07-20 00:00:00 +0100,"High Street, Chatham",Business Link,http://www.hmrc.gov.uk/bst/advice-teams-area/south.htm,Business Link
Becoming an Employer - What You Need to Know,"This workshop is based on the Employer CD-Rom and explains how to calculate tax and National Insurance.  It also covers how to use P45/P46 forms for new employees and leavers, how to register for online services and where to get help when needed.",2010-08-05 00:00:00 +0100,"Barrington Road, Worthing",Business Link,http://www.hmrc.gov.uk/bst/advice-teams-area/south.htm,Business Link
Becoming an Employer - What You Need to Know,"This workshop is based on the Employer CD-Rom and explains how to calculate tax and National Insurance.  It also covers how to use P45/P46 forms for new employees and leavers, how to register for online services and where to get help when needed.",2010-08-05 00:00:00 +0100,"Castle Street, High Wycombe",Business Link,http://www.hmrc.gov.uk/bst/advice-teams-area/south.htm,Business Link
Becoming an Employer - What You Need to Know,"This workshop is based on the Employer CD-Rom and explains how to calculate tax and National Insurance.  It also covers how to use P45/P46 forms for new employees and leavers, how to register for online services and where to get help when needed.",2010-08-05 00:00:00 +0100,"Duke Street, Woking",Business Link,http://www.hmrc.gov.uk/bst/advice-teams-area/south.htm,Business Link
Becoming an Employer - What You Need to Know,"This workshop is based on the Employer CD-Rom and explains how to calculate tax and National Insurance.  It also covers how to use P45/P46 forms for new employees and leavers, how to register for online services and where to get help when needed.",2010-08-12 00:00:00 +0100,"East Street, Farnham",Business Link,http://www.hmrc.gov.uk/bst/advice-teams-area/south.htm,Business Link
Becoming an Employer - What You Need to Know,"This workshop is based on the Employer CD-Rom and explains how to calculate tax and National Insurance.  It also covers how to use P45/P46 forms for new employees and leavers, how to register for online services and where to get help when needed.",2010-08-16 00:00:00 +0100,"Farnsby Street, Swindon",Business Link,http://www.hmrc.gov.uk/bst/advice-teams-area/south.htm,Business Link
Becoming an Employer - What You Need to Know,"This workshop is based on the Employer CD-Rom and explains how to calculate tax and National Insurance.  It also covers how to use P45/P46 forms for new employees and leavers, how to register for online services and where to get help when needed.",2010-08-19 00:00:00 +0100,"Farnsby Street, Swindon",Business Link,http://www.hmrc.gov.uk/bst/advice-teams-area/south.htm,Business Link
Becoming an Employer - What You Need to Know,"This workshop is based on the Employer CD-Rom and explains how to calculate tax and National Insurance.  It also covers how to use P45/P46 forms for new employees and leavers, how to register for online services and where to get help when needed.",2010-08-24 00:00:00 +0100,"Southgate Street, Gloucester",Business Link,http://www.hmrc.gov.uk/bst/advice-teams-area/south.htm,Business Link
Becoming an Employer - What You Need to Know,"This workshop is based on the Employer CD-Rom and explains how to calculate tax and National Insurance.  It also covers how to use P45/P46 forms for new employees and leavers, how to register for online services and where to get help when needed.",2010-08-26 00:00:00 +0100,"Barrington Road, Worthing",Business Link,http://www.hmrc.gov.uk/bst/advice-teams-area/south.htm,Business Link
Paying Someone for the First Time Using the Employer CD-Rom,"This event will explain how to install the CD-ROM, use it to work out an employee's tax and National Insurance deductions, what details you need to include on a wage slip, fill in forms when an employee starts or leaves your employment and work out your payments due to HMRC.",2010-08-03 00:00:00 +0100,"Northern Road, Cosham",Business Link,http://www.hmrc.gov.uk/bst/advice-teams-area/south.htm,Business Link
Paying Someone for the First Time Using the Employer CD-Rom,"This event will explain how to install the CD-ROM, use it to work out an employee's tax and National Insurance deductions, what details you need to include on a wage slip, fill in forms when an employee starts or leaves your employment and work out your payments due to HMRC.",2010-08-11 00:00:00 +0100,"Temple Back, Bristol",Business Link,http://www.hmrc.gov.uk/bst/advice-teams-area/south.htm,Business Link
Becoming an Employer - What You Need to Know,"This workshop is based on the Employer CD-Rom and explains how to calculate tax and National Insurance.  It also covers how to use P45/P46 forms for new employees and leavers, how to register for online services and where to get help when needed.",2010-09-10 00:00:00 +0100,"Duke Street, Woking",Business Link,http://www.hmrc.gov.uk/bst/advice-teams-area/south.htm,Business Link
Becoming an Employer - What You Need to Know,"This workshop is based on the Employer CD-Rom and explains how to calculate tax and National Insurance.  It also covers how to use P45/P46 forms for new employees and leavers, how to register for online services and where to get help when needed.",2010-09-22 00:00:00 +0100,"John Smith Drive, Oxford Business Park South",Business Link,http://www.hmrc.gov.uk/bst/advice-teams-area/south.htm,Business Link
Becoming an Employer - What You Need to Know,"This workshop is based on the Employer CD-Rom and explains how to calculate tax and National Insurance.  It also covers how to use P45/P46 forms for new employees and leavers, how to register for online services and where to get help when needed.",2010-09-23 00:00:00 +0100,"Romsey Road, Southampton",Business Link,http://www.hmrc.gov.uk/bst/advice-teams-area/south.htm,Business Link
Becoming an Employer - What You Need to Know,"This workshop is based on the Employer CD-Rom and explains how to calculate tax and National Insurance.  It also covers how to use P45/P46 forms for new employees and leavers, how to register for online services and where to get help when needed.",2010-09-27 00:00:00 +0100,"Farnsby Street, Swindon",Business Link,http://www.hmrc.gov.uk/bst/advice-teams-area/south.htm,Business Link
Becoming an Employer - What You Need to Know,"This workshop is based on the Employer CD-Rom and explains how to calculate tax and National Insurance.  It also covers how to use P45/P46 forms for new employees and leavers, how to register for online services and where to get help when needed.",2010-09-30 00:00:00 +0100,"Oxford Road, Bournemouth",Business Link,http://www.hmrc.gov.uk/bst/advice-teams-area/south.htm,Business Link
Advanced - Advanced Tendering for Public Sector Contracts,"This interactive workshop on tender writing is run by CEis and partners. It's aimed at managers and staff, providing introductory, intermediate and advanced levels. With contributions from experts in successful tender writing, the worskhops will offer practical guidance for organisations wishing to compete for public sector contracts.",2010-09-02 00:00:00 +0100,"Marywell Centre, Marywell Street, ABERDEEN, AB11 6JF",Business Link,http://www.ceis.org.uk/supporting-enterprise.html#Enterprise-Programmes,Business Link
Introductory - Accessing Public Sector Tenders,"This interactive workshop on tender writing is run by CEis and partners. It's aimed at managers and staff, providing introductory, intermediate and advanced levels. With contributions from experts in successful tender writing, the worskhops will offer practical guidance for organisations wishing to compete for public sector contracts.",2010-09-07 00:00:00 +0100,"33 Church Street, INVERNESS, IV1 1DX",Business Link,http://www.ceis.org.uk/supporting-enterprise.html#Enterprise-Programmes,Business Link
Advanced - Advanced Tendering for Public Sector Contracts,"This interactive workshop on tender writing is run by CEis and partners. It's aimed at managers and staff, providing introductory, intermediate and advanced levels. With contributions from experts in successful tender writing, the worskhops will offer practical guidance for organisations wishing to compete for public sector contracts.",2010-09-09 00:00:00 +0100,"Marywell Centre, Marywell Street, ABERDEEN, AB11 6JF",Business Link,http://www.ceis.org.uk/supporting-enterprise.html#Enterprise-Programmes,Business Link
Advanced - Advanced Tendering for Public Sector Contracts,"This interactive workshop on tender writing is run by CEis and partners. It's aimed at managers and staff, providing introductory, intermediate and advanced levels. With contributions from experts in successful tender writing, the worskhops will offer practical guidance for organisations wishing to compete for public sector contracts.",2010-09-16 00:00:00 +0100,"Marywell Centre, Marywell Street, ABERDEEN, AB11 6JF",Business Link,http://www.ceis.org.uk/supporting-enterprise.html#Enterprise-Programmes,Business Link
Intermediate - Successful Tendering for Public Sector Contracts,"This interactive workshop on tender writing is run by CEis and partners. It's aimed at managers and staff, providing introductory, intermediate and advanced levels. With contributions from experts in successful tender writing, the worskhops will offer practical guidance for organisations wishing to compete for public sector contracts.",2010-09-30 00:00:00 +0100,"33 Church Street, INVERNESS, IV1 1DX",Business Link,http://www.ceis.org.uk/supporting-enterprise.html#Enterprise-Programmes,Business Link
Intermediate - Successful Tendering for Public Sector Contracts,"This interactive workshop on tender writing is run by CEis and partners. It's aimed at managers and staff, providing introductory, intermediate and advanced levels. With contributions from experts in successful tender writing, the worskhops will offer practical guidance for organisations wishing to compete for public sector contracts.",2010-10-07 00:00:00 +0100,"33 Church Street, INVERNESS, IV1 1DX",Business Link,http://www.ceis.org.uk/supporting-enterprise.html#Enterprise-Programmes,Business Link
Intermediate - Successful Tendering for Public Sector Contracts,"This interactive workshop on tender writing is run by CEis and partners. It's aimed at managers and staff, providing introductory, intermediate and advanced levels. With contributions from experts in successful tender writing, the worskhops will offer practical guidance for organisations wishing to compete for public sector contracts.",2010-10-21 00:00:00 +0100,"33 Church Street, INVERNESS, IV1 1DX",Business Link,http://www.ceis.org.uk/supporting-enterprise.html#Enterprise-Programmes,Business Link
Introbiz Networking Event,"At introbiz, they pride themselves on finding out before the meeting the types of businesses you d like to connect with, so that it will be more beneficial to you, making it more time and cost effective, as time is money. introbiz introduces new contacts that will develop into new businesses. To book a place on thuis event please email info@introbiz.co.uk",2010-10-21 00:00:00 +0100,"Novotel Hotel, Cardiff",Business Link,http://fs4b.wales.gov.uk/bdotg/action/eventDescription?site=230&r.lc=en&type=EVENTS&itemId=5001550688,Business Link
Salisbury Breakfast Club - 5 Oct,"<p>Salisbury Breakfast Club provides you with a good opportunity for informal, relaxed and non-pressure networking. With informal information slots at each breakfast, the emphasis is on enjoyment and informality to keep a bright modern approach to the meetings. You'll have the opportunity to network with fellow delegates before breakfast and throughout the morning. This event is run by Bonallack &amp; Bishop Solicitors and is sponsored by Business Link.</p>
<table border=""0"" cellpadding=""0"" cellspacing=""0"" width=""100%"" summary=""Event information"">
<tr>
<th width=""30%""><span>Date: </span></th>
<td width=""70%""><span>5 Oct 2010</span></td>
</tr>
<tr>
<th><span>Location: </span></th>
<td><span>Grasmere House Hotel, Salisbury SP2 8JN</span></td>
</tr>
<tr>
<th><span>Organiser: </span></th>
<td><span>Business Link with Bonallack & Bishop</span></td>
</tr>
<tr>
<th><span>Event Type: </span></th>
<td><span>Breakfasts / Lunches / Dinners, Information Sessions, Networking</span></td>
</tr>
<tr>
<th><span>Cost: </span></th>
<td><span>&pound;10 per person</span></td>
</tr>
<tr>
<th><span>Business Sector: </span></th>
<td><span>All industries</span></td>
</tr>
</table>
<ul class=""links"">
<li><a href=""http://online.businesslink.gov.uk/bdotg/action/eventDescription?site=106&amp;r.lc=en&amp;type=EVENTS&amp;itemId=5001537932"" title=""Detailed event description - Opens in a new window"" target=""newWindow"">Detailed event description</a></li>
</ul>

			
					<p class=""hr""><img src=""/syntegra/images/hr_343px_global.gif"" alt="""" /></p>
				",2010-10-05 00:00:00 +0100,"Grasmere House Hotel, Salisbury SP2 8JN",Business Link,http://online.businesslink.gov.uk/bdotg/action/eventDescription?site=106&r.lc=en&type=EVENTS&itemId=5001537932,Business Link
Three Towns Breakfast Club - 21 Oct,"<p>Three Towns Breakfast Club provides you with a good opportunity for informal, relaxed and non-pressure networking. With informal information slots at each breakfast, the emphasis is on enjoyment and informality to keep a bright modern approach to the meetings. You'll have the opportunity to network with fellow delegates before breakfast and throughout the morning. This event is run by Bonallack &amp; Bishop Solicitors and is sponsored by Business Link.</p>
<table border=""0"" cellpadding=""0"" cellspacing=""0"" width=""100%"" summary=""Event information"">
<tr>
<th width=""30%""><span>Date: </span></th>
<td width=""70%""><span>21 Oct 2010</span></td>
</tr>
<tr>
<th><span>Location: </span></th>
<td><span>The Corsley Centre, Corsley nr Warminster BA12 7QF</span></td>
</tr>
<tr>
<th><span>Organiser: </span></th>
<td><span>Business Link with Bonallack & Bishop</span></td>
</tr>
<tr>
<th><span>Event Type: </span></th>
<td><span>Breakfasts / Lunches / Dinners, Information Sessions, Networking</span></td>
</tr>
<tr>
<th><span>Cost: </span></th>
<td><span>&pound;10 per person</span></td>
</tr>
<tr>
<th><span>Business Sector: </span></th>
<td><span>All industries</span></td>
</tr>
</table>
<ul class=""links"">
<li><a href=""http://online.businesslink.gov.uk/bdotg/action/eventDescription?site=106&amp;r.lc=en&amp;type=EVENTS&amp;itemId=5001537969"" title=""Detailed event description - Opens in a new window"" target=""newWindow"">Detailed event description</a></li>
</ul>

			
					<p class=""hr""><img src=""/syntegra/images/hr_343px_global.gif"" alt="""" /></p>
				",2010-10-21 00:00:00 +0100,"The Corsley Centre, Corsley nr Warminster BA12 7QF",Business Link,http://online.businesslink.gov.uk/bdotg/action/eventDescription?site=106&r.lc=en&type=EVENTS&itemId=5001537969,Business Link
Meet the MoD,During this event delegates will be provided with the opportunity to identify a point of contact within the MoD and develop new sales channels.,2010-10-04 00:00:00 +0100,London Chamber of Commerce,Business Link,http://www.ticketsource.co.uk/search/searchPerformanceDetails.asp?performance_id=11814&sid=,Business Link
Free Legal Consultation for Your Business,Higgs & Sons solicitors are pleased to be working with Business Link West Midlands to provide legal advice for your business on the first Tuesday of each month between 2pm and 5pm at Higgs & Sons premises in the Black Country,2010-10-05 00:00:00 +0100,"Higgs & Sons, 3 Waterfront Business Park, Brierley Hill, West Midlands, DY5 1LX",Business Link,http://online.businesslink.gov.uk/bdotg/action/eventDescription?site=131&r.lc=en&type=EVENTS&itemId=5001561269,Business Link
Managing the Salesforce,Delegates will be trained on methods designed to improve the performance of their sales team by successfully managing both results and activity.,2010-10-06 00:00:00 +0100,"Holiday Inn, Ormeau Ave, Belfast",Business Link,http://www.cosensa.co.uk/CourseInformation.php?CourseID=71&CourseTypeID=5,Business Link
Networking Training - How to Work a Room,"This workshop aims to remove some of the barriers to networking by providing focus for attending events, examining the risks involved, as well as how to reduce and manage them and improving confidence with some practical tools and tips.",2010-10-06 00:00:00 +0100,"London Chamber of Commerce, City of London",Business Link,http://www.ticketsource.co.uk/search/searchPerformanceDetails.asp?performance_id=11708&sid=,Business Link
The Entrepreneurs Forum - Financial planning and managing money,"Good financial planning and control helps to increase the chances of business
success in the early stages",2010-10-07 00:00:00 +0100,"The Summit Centre, Pavilion Road, Kirkby in Ashfield, Nottingham NG17 7LL",Business Link,http://online.businesslink.gov.uk/bdotg/action/eventDescription?site=140&r.lc=en&type=EVENTS&itemId=5001515166,Business Link
Advanced - Advanced Tendering for Public Sector Contracts,"This interactive workshop on tender writing is run by CEis and partners. It's aimed at managers and staff, providing introductory, intermediate and advanced levels. With contributions from experts in successful tender writing, the worskhops will offer practical guidance for organisations wishing to compete for public sector contracts.",2010-11-26 00:00:00 +0000,"187 George Street, GLASGOW, G1 1YU",Business Link,http://www.ceis.org.uk/supporting-enterprise.html#Enterprise-Programmes,Business Link
Advanced Finance for Managers,"This residential advanced finance workshop is run by CEiS and partners. It&#8217;s aimed at managers of Third Sector Organisations. The aim of the training is to improve the capacity of Third Sector organisations to control finances and engage in high-quality financial planning. The workshop offers a mixture of class-based activity, participative learning exercises and peer learning. You can contribute and share ideas and experiences.",2010-11-04 00:00:00 +0000,"Stirling Highland Hotel, Spittal Street, STIRLING, 1DU",Business Link,http://www.ceis.org.uk/supporting-enterprise.html#Enterprise-Programmes,Business Link
Advanced Finance for Managers,"This residential advanced finance workshop is run by CEiS and partners. It&#8217;s aimed at managers of Third Sector Organisations. The aim of the training is to improve the capacity of Third Sector organisations to control finances and engage in high-quality financial planning. The workshop offers a mixture of class-based activity, participative learning exercises and peer learning. You can contribute and share ideas and experiences.",2010-11-05 00:00:00 +0000,"Stirling Highland Hotel, Spittal Street, STIRLING, 1DU",Business Link,http://www.ceis.org.uk/supporting-enterprise.html#Enterprise-Programmes,Business Link
Salisbury Breakfast Club - 2 Nov,"<p>Salisbury Breakfast Club provides you with a good opportunity for informal, relaxed and non-pressure networking. With informal information slots at each breakfast, the emphasis is on enjoyment and informality to keep a bright modern approach to the meetings. You'll have the opportunity to network with fellow delegates before breakfast and throughout the morning. This event is run by Bonallack &amp; Bishop Solicitors and is sponsored by Business Link.</p>
<table border=""0"" cellpadding=""0"" cellspacing=""0"" width=""100%"" summary=""Event information"">
<tr>
<th width=""30%""><span>Date: </span></th>
<td width=""70%""><span>2 Nov 2010</span></td>
</tr>
<tr>
<th><span>Location: </span></th>
<td><span>Grasmere House Hotel, Salisbury SP2 8JN</span></td>
</tr>
<tr>
<th><span>Organiser: </span></th>
<td><span>Business Link with Bonallack & Bishop</span></td>
</tr>
<tr>
<th><span>Event Type: </span></th>
<td><span>Breakfasts / Lunches / Dinners, Information Sessions, Networking</span></td>
</tr>
<tr>
<th><span>Cost: </span></th>
<td><span>&pound;10 per person</span></td>
</tr>
<tr>
<th><span>Business Sector: </span></th>
<td><span>All industries</span></td>
</tr>
</table>
<ul class=""links"">
<li><a href=""http://online.businesslink.gov.uk/bdotg/action/eventDescription?site=106&amp;r.lc=en&amp;type=EVENTS&amp;itemId=5001538008"" title=""Detailed event description - Opens in a new window"" target=""newWindow"">Detailed event description</a></li>
</ul>

			
					<p class=""hr""><img src=""/syntegra/images/hr_343px_global.gif"" alt="""" /></p>
				",2010-11-02 00:00:00 +0000,"Grasmere House Hotel, Salisbury SP2 8JN",Business Link,http://online.businesslink.gov.uk/bdotg/action/eventDescription?site=106&r.lc=en&type=EVENTS&itemId=5001538008,Business Link
Three Towns Breakfast Club - 18 Nov,"<p>Three Towns Breakfast Club provides you with a good opportunity for informal, relaxed and non-pressure networking. With informal information slots at each breakfast, the emphasis is on enjoyment and informality to keep a bright modern approach to the meetings. You'll have the opportunity to network with fellow delegates before breakfast and throughout the morning. This event is run by Bonallack &amp; Bishop Solicitors and is sponsored by Business Link.</p>
<table border=""0"" cellpadding=""0"" cellspacing=""0"" width=""100%"" summary=""Event information"">
<tr>
<th width=""30%""><span>Date: </span></th>
<td width=""70%""><span>18 Nov 2010</span></td>
</tr>
<tr>
<th><span>Location: </span></th>
<td><span>The Corsley Centre, Corsley nr Warminster BA12 7QF</span></td>
</tr>
<tr>
<th><span>Organiser: </span></th>
<td><span>Business Link with Bonallack & Bishop</span></td>
</tr>
<tr>
<th><span>Event Type: </span></th>
<td><span>Breakfasts / Lunches / Dinners, Information Sessions, Networking</span></td>
</tr>
<tr>
<th><span>Cost: </span></th>
<td><span>&pound;10 per person</span></td>
</tr>
<tr>
<th><span>Business Sector: </span></th>
<td><span>All industries</span></td>
</tr>
</table>
<ul class=""links"">
<li><a href=""http://online.businesslink.gov.uk/bdotg/action/eventDescription?site=106&amp;r.lc=en&amp;type=EVENTS&amp;itemId=5001538067"" title=""Detailed event description - Opens in a new window"" target=""newWindow"">Detailed event description</a></li>
</ul>

			
					<p class=""hr""><img src=""/syntegra/images/hr_343px_global.gif"" alt="""" /></p>
				",2010-11-18 00:00:00 +0000,"The Corsley Centre, Corsley nr Warminster BA12 7QF",Business Link,http://online.businesslink.gov.uk/bdotg/action/eventDescription?site=106&r.lc=en&type=EVENTS&itemId=5001538067,Business Link
Finance for Non-Finance Managers,"This classroom-based finance workshop is run by CEiS and partners. It&#8217;s aimed at non-finance managers of Third Sector Organisations. The aim of the training is to improve the capacity of Third Sector organisations to control finances and engage in high-quality financial planning. The workshop offers a mixture of class-based activity, participative learning exercises and peer learning. You can contribute and share ideas and experiences. Alternatively, this course is also available online.",2010-11-10 00:00:00 +0000,"Teacher Building, 14 St Enoch Square, GLASGOW, G1 4DB",Business Link,http://www.ceis.org.uk/supporting-enterprise.html#Enterprise-Programmes,Business Link
Finance for Non-Finance Managers,"This classroom-based finance workshop is run by CEiS and partners. It&#8217;s aimed at non-finance managers of Third Sector Organisations. The aim of the training is to improve the capacity of Third Sector organisations to control finances and engage in high-quality financial planning. The workshop offers a mixture of class-based activity, participative learning exercises and peer learning. You can contribute and share ideas and experiences. Alternatively, this course is also available online.",2010-11-17 00:00:00 +0000,"Scottish Enterprise, 3 Greenmarket, DUNDEE, DD1 4QB",Business Link,http://www.ceis.org.uk/supporting-enterprise.html#Enterprise-Programmes,Business Link
Finance for Non-Finance Managers,"This classroom-based finance workshop is run by CEiS and partners. It&#8217;s aimed at non-finance managers of Third Sector Organisations. The aim of the training is to improve the capacity of Third Sector organisations to control finances and engage in high-quality financial planning. The workshop offers a mixture of class-based activity, participative learning exercises and peer learning. You can contribute and share ideas and experiences. Alternatively, this course is also available online.",2010-11-24 00:00:00 +0000,"The Melting Pot, 5 Rose Street, EDINBURGH, EH2 2PR",Business Link,http://www.ceis.org.uk/supporting-enterprise.html#Enterprise-Programmes,Business Link
"Finance for Senior Managers, Trustees and Boards","This formal training workshop on Finance is run by CEiS and partners. It&#8217;s aimed at senior managers, trustees and board members of Third Sector Organisations. The aim of the training is to improve the capacity of Third Sector organisations to control finances and engage in high-quality financial planning. The workshop offers a mixture of class-based activity, participative learning exercises and peer learning. You can contribute and share ideas and experiences. Alternatively, this course is also available online.",2010-11-02 00:00:00 +0000,"Aberdeen Douglas Hotel, 43-45 Market Street, ABERDEEN, AB11 5EL",Business Link,http://www.ceis.org.uk/supporting-enterprise.html#Enterprise-Programmes,Business Link
Accessing Business Finance,The aim of the Accessing Business Finance workshops is to introduce entrepreneurs and business owners to the basic principles of accessing business finance and inform them of the financing options available to companies in Wales.,2010-11-02 00:00:00 +0000,"The Towers Hotel, Jersey Marine, Swansea",Business Link,http://ms.fs4b.wales.gov.uk/business_events_wales/events/a/accessingbus_-_wag_-_021110.aspx,Business Link
Introductory - Accessing Public Sector Tenders,"This interactive workshop on tender writing is run by CEis and partners. It's aimed at managers and staff, providing introductory, intermediate and advanced levels. With contributions from experts in successful tender writing, the worskhops will offer practical guidance for organisations wishing to compete for public sector contracts.",2010-12-09 00:00:00 +0000,"22-26 George Street, EDINBURGH, EH2 2PQ",Business Link,http://www.ceis.org.uk/supporting-enterprise.html#Enterprise-Programmes,Business Link
Salisbury Breakfast Club - 7 Dec,"<p>Salisbury Breakfast Club provides you with a good opportunity for informal, relaxed and non-pressure networking. With informal information slots at each breakfast, the emphasis is on enjoyment and informality to keep a bright modern approach to the meetings. You'll have the opportunity to network with fellow delegates before breakfast and throughout the morning. This event is run by Bonallack &amp; Bishop Solicitors and is sponsored by Business Link.</p>
<table border=""0"" cellpadding=""0"" cellspacing=""0"" width=""100%"" summary=""Event information"">
<tr>
<th width=""30%""><span>Date: </span></th>
<td width=""70%""><span>7 Dec 2010</span></td>
</tr>
<tr>
<th><span>Location: </span></th>
<td><span>Grasmere House Hotel, Salisbury SP2 8JN</span></td>
</tr>
<tr>
<th><span>Organiser: </span></th>
<td><span>Business Link with Bonallack & Bishop</span></td>
</tr>
<tr>
<th><span>Event Type: </span></th>
<td><span>Breakfasts / Lunches / Dinners, Information Sessions, Networking</span></td>
</tr>
<tr>
<th><span>Cost: </span></th>
<td><span>&pound;10 per person</span></td>
</tr>
<tr>
<th><span>Business Sector: </span></th>
<td><span>All industries</span></td>
</tr>
</table>
<ul class=""links"">
<li><a href=""http://online.businesslink.gov.uk/bdotg/action/eventDescription?site=106&amp;r.lc=en&amp;type=EVENTS&amp;itemId=5001538105"" title=""Detailed event description - Opens in a new window"" target=""newWindow"">Detailed event description</a></li>
</ul>

			
					<p class=""hr""><img src=""/syntegra/images/hr_343px_global.gif"" alt="""" /></p>
				",2010-12-07 00:00:00 +0000,"Grasmere House Hotel, Salisbury SP2 8JN",Business Link,http://online.businesslink.gov.uk/bdotg/action/eventDescription?site=106&r.lc=en&type=EVENTS&itemId=5001538105,Business Link
Managing Safety,This is a comprehensive one day introduction on effectively managing health and safety in the workplace.,2010-12-02 00:00:00 +0000,"Holiday Inn, Ormeau Ave, Belfast",Business Link,http://www.cosensa.co.uk/CourseInformation.php?CourseID=9&CourseTypeID=3,Business Link
Customer Care - Developing a Care Culture,The aim of this course is to enable delegates to create and maintain a positive and informed culture of customer care within their organisation.,2010-12-02 00:00:00 +0000,"Holiday Inn, Ormeau Ave, Belfast",Business Link,http://www.cosensa.co.uk/CourseInformation.php?CourseID=74&CourseTypeID=1,Business Link
First Steps in Social Enterprise,"If you are considering starting up a social enterprise and are looking for a clear understanding of why it is the business model of choice for socially- and environmentally-minded people, then the First Steps in Social Enterprise workshop is for you",2010-12-02 00:00:00 +0000,"Nottingham CVS, 7 Mansfield Road, Nottingham",Business Link,http://online.businesslink.gov.uk/bdotg/action/eventDescription?site=140&r.lc=en&type=EVENTS&itemId=5001559685,Business Link
Time Management,"This programme for Supervisors and Managers is a fast-paced, challenging one-day course designed to help you maintain a firm grip on your schedule",2010-12-02 00:00:00 +0000,"Holiday Inn, Ormeau Ave, Belfast",Business Link,http://www.cosensa.co.uk/CourseInformation.php?CourseID=30&CourseTypeID=1,Business Link
Effective Project Management,"The course concentrates on practical, easy to understand and control techniques that can be directly and immediately applied in your workplace.",2010-12-02 00:00:00 +0000,"Holiday Inn, Ormeau Ave, Belfast",Business Link,http://www.cosensa.co.uk/CourseInformation.php?CourseID=37&CourseTypeID=6,Business Link
The Role of the Fire Marshal,This course demonstrates the key actions staff should follow on discovery of a fire or in raising an alarm.,2010-12-03 00:00:00 +0000,"Holiday Inn, Ormeau Ave, Belfast",Business Link,http://www.cosensa.co.uk/CourseInformation.php?CourseID=113&CourseTypeID=3,Business Link
Business Boost - Your Business and how the Law can Help You,This workshop aims to give advice on aspects of business law and how to put these into every-day practice in businesses to ensure profits are increased.,2010-12-03 00:00:00 +0000,"Innovation Centre, Torquay",Business Link,http://www.torbaydevelopmentagency.co.uk,Business Link
Introduction to NLP,This seminar will inform participants about neuro linguistic programming (NLP) techniques that ensures their communication is more effective. This course is an overview of the techniques that heighten awareness and assist in everyday personal and business situations.,2010-12-04 00:00:00 +0000,"Harben De Vere Hotel, Newport Pagnell",Business Link,http://www.ddsnlp.com/events,Business Link
Advanced - Advanced Tendering for Public Sector Contracts,"This interactive workshop on tender writing is run by CEis and partners. It's aimed at managers and staff, providing introductory, intermediate and advanced levels. With contributions from experts in successful tender writing, the worskhops will offer practical guidance for organisations wishing to compete for public sector contracts.",2011-01-12 00:00:00 +0000,"187 George Street, GLASGOW, G1 1YU",Business Link,http://www.ceis.org.uk/supporting-enterprise.html#Enterprise-Programmes,Business Link
Intermediate - Successful Tendering for Public Sector Contracts,"This interactive workshop on tender writing is run by CEis and partners. It's aimed at managers and staff, providing introductory, intermediate and advanced levels. With contributions from experts in successful tender writing, the worskhops will offer practical guidance for organisations wishing to compete for public sector contracts.",2011-01-13 00:00:00 +0000,"5 Rose Street, EDINBURGH, EH2 2PR",Business Link,http://www.ceis.org.uk/supporting-enterprise.html#Enterprise-Programmes,Business Link
Advanced - Advanced Tendering for Public Sector Contracts,"This interactive workshop on tender writing is run by CEis and partners. It's aimed at managers and staff, providing introductory, intermediate and advanced levels. With contributions from experts in successful tender writing, the worskhops will offer practical guidance for organisations wishing to compete for public sector contracts.",2011-01-19 00:00:00 +0000,"187 George Street, GLASGOW, G1 1YU",Business Link,http://www.ceis.org.uk/supporting-enterprise.html#Enterprise-Programmes,Business Link
Intermediate - Successful Tendering for Public Sector Contracts,"This interactive workshop on tender writing is run by CEis and partners. It's aimed at managers and staff, providing introductory, intermediate and advanced levels. With contributions from experts in successful tender writing, the worskhops will offer practical guidance for organisations wishing to compete for public sector contracts.",2011-01-20 00:00:00 +0000,"5 Rose Street, EDINBURGH, EH2 2PR",Business Link,http://www.ceis.org.uk/supporting-enterprise.html#Enterprise-Programmes,Business Link
Intermediate - Successful Tendering for Public Sector Contracts,"This interactive workshop on tender writing is run by CEis and partners. It's aimed at managers and staff, providing introductory, intermediate and advanced levels. With contributions from experts in successful tender writing, the worskhops will offer practical guidance for organisations wishing to compete for public sector contracts.",2011-01-27 00:00:00 +0000,"5 Rose Street, EDINBURGH, EH2 2PR",Business Link,http://www.ceis.org.uk/supporting-enterprise.html#Enterprise-Programmes,Business Link
Contracts of Employment,"This workshop will cover concerns around a contract, what the law says about contracts and how contracts link to policies in a company handbook.",2011-01-20 00:00:00 +0000,Aylesbury Enterprise and Innovation Centre,Business Link,http://www.totalhumanresources.com/employmentlawtraining.html,Business Link
First Steps in Social Enterprise,"If you are considering starting up a social enterprise and are looking for a clear understanding of why it is the business model of choice for socially- and environmentally-minded people, then the First Steps in Social Enterprise workshop is for you",2011-01-20 00:00:00 +0000,"Voluntary Action Rutland, Rutland Volunteer Centre (Rear of The Rutland College)",Business Link,http://online.businesslink.gov.uk/bdotg/action/eventDescription?site=140&r.lc=en&type=EVENTS&itemId=5001559739,Business Link
Business Advice Open Day,This event brings together a team of experts who can provide advice and support on a range of subjects from starting a business through to growth and expansion.,2011-02-10 00:00:00 +0000,Wetherby Racecourse,Business Link,http://www.businesslink.gov.uk/advicedays,Business Link
Contracts of Employment,"This workshop will cover concerns around a contract, what the law says about contracts and how contracts link to policies in a company handbook.",2011-02-17 00:00:00 +0000,Aylesbury Enterprise and Innovation Centre,Business Link,http://www.totalhumanresources.com/employmentlawtraining.html,Business Link
Business Advice Open Day,This event brings together a team of experts who can provide advice and support on a range of subjects from starting a business through to growth and expansion.,2011-03-03 00:00:00 +0000,"Ramada Hotel, Belfast",Business Link,http://www.businesslink.gov.uk/advicedays,Business Link
Contracts of Employment,"This workshop will cover concerns around a contract, what the law says about contracts and how contracts link to policies in a company handbook.",2011-03-17 00:00:00 +0000,Aylesbury Enterprise and Innovation Centre,Business Link,http://www.totalhumanresources.com/employmentlawtraining.html,Business Link
Business Advice Open Day,This event brings together a team of experts who can provide advice and support on a range of subjects from starting a business through to growth and expansion.,2011-03-24 00:00:00 +0000,Norwich City Football Club,Business Link,http://www.businesslink.gov.uk/advicedays,Business Link
